IP地址,主机名,MAC地址,响应时间(ms),开放端口,状态
10.184.60.1,"未知","未知",1.81,"23;80;443",在线
10.184.60.10,"未知","未知",2.47,"22;80;443",在线
10.184.60.100,"未知","未知",,"",离线
10.184.60.101,"未知","未知",,"",离线
10.184.60.102,"未知","未知",,"",离线
10.184.60.103,"未知","未知",,"",离线
10.184.60.104,"未知","未知",,"",离线
10.184.60.105,"未知","未知",13,"",在线
10.184.60.106,"未知","未知",,"",离线
10.184.60.107,"未知","未知",9.5,"",在线
10.184.60.108,"未知","未知",,"",离线
10.184.60.109,"未知","未知",,"",离线
10.184.60.11,"未知","未知",,"",离线
10.184.60.110,"未知","未知",23.5,"3389",在线
10.184.60.111,"未知","未知",,"",离线
10.184.60.112,"未知","未知",,"",离线
10.184.60.113,"未知","未知",10.1,"",在线
10.184.60.114,"未知","未知",106,"",在线
10.184.60.115,"未知","未知",,"",离线
10.184.60.116,"未知","未知",,"",离线
10.184.60.117,"未知","未知",,"",离线
10.184.60.118,"未知","未知",,"",离线
10.184.60.119,"未知","未知",74.9,"",在线
10.184.60.12,"未知","未知",,"",离线
10.184.60.120,"未知","未知",,"",离线
10.184.60.121,"未知","未知",8.46,"",在线
10.184.60.122,"未知","未知",70.7,"",在线
10.184.60.123,"未知","未知",,"",离线
10.184.60.124,"未知","未知",,"",离线
10.184.60.125,"未知","未知",,"",离线
10.184.60.126,"未知","未知",,"",离线
10.184.60.127,"未知","未知",0.052,"22;6379;8080",在线
10.184.60.128,"未知","未知",,"",离线
10.184.60.129,"未知","未知",,"",离线
10.184.60.13,"未知","未知",,"",离线
10.184.60.130,"未知","未知",,"",离线
10.184.60.131,"未知","未知",26.4,"21;23;80",在线
10.184.60.132,"未知","未知",7.81,"",在线
10.184.60.133,"未知","未知",,"",离线
10.184.60.134,"未知","未知",,"",离线
10.184.60.135,"未知","未知",,"",离线
10.184.60.136,"未知","未知",,"",离线
10.184.60.137,"未知","未知",,"",离线
10.184.60.138,"未知","未知",,"",离线
10.184.60.139,"未知","未知",304,"",在线
10.184.60.14,"未知","未知",,"",离线
10.184.60.140,"未知","未知",,"",离线
10.184.60.141,"未知","未知",2.08,"443",在线
10.184.60.142,"未知","未知",,"",离线
10.184.60.143,"未知","未知",,"",离线
10.184.60.144,"未知","未知",5.01,"",在线
10.184.60.145,"未知","未知",,"",离线
10.184.60.146,"未知","未知",874,"",在线
10.184.60.147,"未知","未知",56.8,"",在线
10.184.60.148,"未知","未知",53.9,"",在线
10.184.60.149,"未知","未知",,"",离线
10.184.60.15,"未知","未知",,"",离线
10.184.60.150,"未知","未知",,"",离线
10.184.60.151,"未知","未知",22.8,"",在线
10.184.60.152,"未知","未知",4.15,"",在线
10.184.60.153,"未知","未知",,"",离线
10.184.60.154,"未知","未知",,"",离线
10.184.60.155,"未知","未知",,"",离线
10.184.60.156,"未知","未知",,"",离线
10.184.60.157,"未知","未知",,"",离线
10.184.60.158,"未知","未知",,"",离线
10.184.60.159,"未知","未知",30.6,"",在线
10.184.60.16,"未知","未知",,"",离线
10.184.60.160,"未知","未知",11.8,"",在线
10.184.60.161,"未知","未知",,"",离线
10.184.60.162,"未知","未知",,"",离线
10.184.60.163,"未知","未知",,"",离线
10.184.60.164,"未知","未知",,"",离线
10.184.60.165,"未知","未知",,"",离线
10.184.60.166,"未知","未知",,"",离线
10.184.60.167,"未知","未知",,"",离线
10.184.60.168,"未知","未知",,"",离线
10.184.60.169,"未知","未知",,"",离线
10.184.60.17,"未知","未知",,"",离线
10.184.60.170,"未知","未知",1.66,"",在线
10.184.60.171,"未知","未知",,"",离线
10.184.60.172,"未知","未知",,"",离线
10.184.60.173,"未知","未知",1.63,"",在线
10.184.60.174,"未知","未知",,"",离线
10.184.60.175,"未知","未知",2.6,"",在线
10.184.60.176,"未知","未知",,"",离线
10.184.60.177,"未知","未知",,"",离线
10.184.60.178,"未知","未知",,"",离线
10.184.60.179,"未知","未知",114,"",在线
10.184.60.18,"未知","未知",,"",离线
10.184.60.180,"未知","未知",44.5,"",在线
10.184.60.181,"未知","未知",,"",离线
10.184.60.182,"未知","未知",,"",离线
10.184.60.183,"未知","未知",,"",离线
10.184.60.184,"未知","未知",,"",离线
10.184.60.185,"未知","未知",132,"",在线
10.184.60.186,"未知","未知",194,"",在线
10.184.60.187,"未知","未知",,"",离线
10.184.60.188,"未知","未知",,"",离线
10.184.60.189,"未知","未知",5.25,"",在线
10.184.60.19,"未知","未知",,"",离线
10.184.60.190,"未知","未知",99,"",在线
10.184.60.191,"未知","未知",,"",离线
10.184.60.192,"未知","未知",5.19,"",在线
10.184.60.193,"未知","未知",,"",离线
10.184.60.194,"未知","未知",,"",离线
10.184.60.195,"未知","未知",,"",离线
10.184.60.196,"未知","未知",,"",离线
10.184.60.197,"未知","未知",,"",离线
10.184.60.198,"未知","未知",,"",离线
10.184.60.199,"未知","未知",,"",离线
10.184.60.2,"未知","未知",,"",离线
10.184.60.20,"未知","未知",,"",离线
10.184.60.200,"未知","未知",,"",离线
10.184.60.201,"未知","未知",,"",离线
10.184.60.202,"未知","未知",,"",离线
10.184.60.203,"未知","未知",,"",离线
10.184.60.204,"未知","未知",35.9,"",在线
10.184.60.205,"未知","未知",,"",离线
10.184.60.206,"未知","未知",,"",离线
10.184.60.207,"未知","未知",,"",离线
10.184.60.208,"未知","未知",,"",离线
10.184.60.209,"未知","未知",,"",离线
10.184.60.21,"未知","未知",3.02,"23;80;443",在线
10.184.60.210,"未知","未知",,"",离线
10.184.60.211,"未知","未知",,"",离线
10.184.60.212,"未知","未知",,"",离线
10.184.60.213,"未知","未知",,"",离线
10.184.60.214,"未知","未知",1.22,"",在线
10.184.60.215,"未知","未知",,"",离线
10.184.60.216,"未知","未知",,"",离线
10.184.60.217,"未知","未知",,"",离线
10.184.60.218,"未知","未知",1.33,"",在线
10.184.60.219,"未知","未知",,"",离线
10.184.60.22,"未知","未知",2.79,"80;443",在线
10.184.60.220,"未知","未知",1.49,"",在线
10.184.60.221,"未知","未知",,"",离线
10.184.60.222,"未知","未知",,"",离线
10.184.60.223,"未知","未知",,"",离线
10.184.60.224,"未知","未知",,"",离线
10.184.60.225,"未知","未知",,"",离线
10.184.60.226,"未知","未知",,"",离线
10.184.60.227,"未知","未知",,"",离线
10.184.60.228,"未知","未知",,"",离线
10.184.60.229,"未知","未知",,"",离线
10.184.60.23,"未知","未知",2.66,"23;80;443",在线
10.184.60.230,"未知","未知",,"",离线
10.184.60.231,"未知","未知",,"",离线
10.184.60.232,"未知","未知",,"",离线
10.184.60.233,"未知","未知",,"",离线
10.184.60.234,"未知","未知",,"",离线
10.184.60.235,"未知","未知",,"",离线
10.184.60.236,"未知","未知",,"",离线
10.184.60.237,"未知","未知",,"",离线
10.184.60.238,"未知","未知",,"",离线
10.184.60.239,"未知","未知",,"",离线
10.184.60.24,"未知","未知",,"",离线
10.184.60.240,"未知","未知",,"",离线
10.184.60.241,"未知","未知",,"",离线
10.184.60.242,"未知","未知",,"",离线
10.184.60.243,"未知","未知",,"",离线
10.184.60.244,"未知","未知",,"",离线
10.184.60.245,"未知","未知",,"",离线
10.184.60.246,"未知","未知",,"",离线
10.184.60.247,"未知","未知",73.7,"",在线
10.184.60.248,"未知","未知",,"",离线
10.184.60.249,"未知","未知",,"",离线
10.184.60.25,"未知","未知",,"",离线
10.184.60.250,"未知","未知",,"",离线
10.184.60.251,"未知","未知",,"",离线
10.184.60.252,"未知","未知",,"",离线
10.184.60.253,"未知","未知",,"",离线
10.184.60.254,"未知","未知",,"",离线
10.184.60.26,"未知","未知",,"",离线
10.184.60.27,"未知","未知",,"",离线
10.184.60.28,"未知","未知",,"",离线
10.184.60.29,"未知","未知",,"",离线
10.184.60.3,"未知","未知",,"",离线
10.184.60.30,"未知","未知",,"",离线
10.184.60.31,"未知","未知",,"",离线
10.184.60.32,"未知","未知",,"",离线
10.184.60.33,"未知","未知",,"",离线
10.184.60.34,"未知","未知",,"",离线
10.184.60.35,"未知","未知",,"",离线
10.184.60.36,"未知","未知",,"",离线
10.184.60.37,"未知","未知",,"",离线
10.184.60.38,"未知","未知",,"",离线
10.184.60.39,"未知","未知",,"",离线
10.184.60.4,"未知","未知",,"",离线
10.184.60.40,"未知","未知",,"",离线
10.184.60.41,"未知","未知",,"",离线
10.184.60.42,"未知","未知",,"",离线
10.184.60.43,"未知","未知",,"",离线
10.184.60.44,"未知","未知",,"",离线
10.184.60.45,"未知","未知",,"",离线
10.184.60.46,"未知","未知",,"",离线
10.184.60.47,"未知","未知",,"",离线
10.184.60.48,"未知","未知",,"",离线
10.184.60.49,"未知","未知",,"",离线
10.184.60.5,"未知","未知",,"",离线
10.184.60.50,"未知","未知",,"",离线
10.184.60.51,"未知","未知",,"",离线
10.184.60.52,"未知","未知",,"",离线
10.184.60.53,"未知","未知",151,"",在线
10.184.60.54,"未知","未知",,"",离线
10.184.60.55,"未知","未知",,"",离线
10.184.60.56,"未知","未知",,"",离线
10.184.60.57,"未知","未知",115,"",在线
10.184.60.58,"未知","未知",,"",离线
10.184.60.59,"未知","未知",12.1,"",在线
10.184.60.6,"未知","未知",,"",离线
10.184.60.60,"未知","未知",37.6,"",在线
10.184.60.61,"未知","未知",,"",离线
10.184.60.62,"未知","未知",,"",离线
10.184.60.63,"未知","未知",259,"",在线
10.184.60.64,"未知","未知",,"",离线
10.184.60.65,"未知","未知",,"",离线
10.184.60.66,"未知","未知",,"",离线
10.184.60.67,"未知","未知",5.73,"",在线
10.184.60.68,"未知","未知",,"",离线
10.184.60.69,"未知","未知",,"",离线
10.184.60.7,"未知","未知",,"",离线
10.184.60.70,"未知","未知",3.52,"",在线
10.184.60.71,"未知","未知",28.3,"",在线
10.184.60.72,"未知","未知",8.21,"",在线
10.184.60.73,"未知","未知",,"",离线
10.184.60.74,"未知","未知",,"",离线
10.184.60.75,"未知","未知",29.8,"",在线
10.184.60.76,"未知","未知",,"",离线
10.184.60.77,"未知","未知",6.61,"",在线
10.184.60.78,"未知","未知",,"",离线
10.184.60.79,"未知","未知",4.88,"",在线
10.184.60.8,"未知","未知",,"",离线
10.184.60.80,"未知","未知",,"",离线
10.184.60.81,"未知","未知",13.1,"",在线
10.184.60.82,"未知","未知",,"",离线
10.184.60.83,"未知","未知",,"",离线
10.184.60.84,"未知","未知",26.7,"",在线
10.184.60.85,"未知","未知",,"",离线
10.184.60.86,"未知","未知",18.6,"",在线
10.184.60.87,"未知","未知",754,"",在线
10.184.60.88,"未知","未知",4.81,"",在线
10.184.60.89,"未知","未知",,"",离线
10.184.60.9,"未知","未知",,"",离线
10.184.60.90,"未知","未知",,"",离线
10.184.60.91,"未知","未知",,"",离线
10.184.60.92,"未知","未知",,"",离线
10.184.60.93,"未知","未知",,"",离线
10.184.60.94,"未知","未知",2.82,"",在线
10.184.60.95,"未知","未知",4.42,"",在线
10.184.60.96,"未知","未知",3.3,"22",在线
10.184.60.97,"未知","未知",,"",离线
10.184.60.98,"未知","未知",,"",离线
10.184.60.99,"未知","未知",,"",离线
